Workbook

Sheet Leeme
A1: Destiny · Numerología · Propuesta v0 (borrador para que Pablo revise y corrija)
A3: Qué es: un modelo para sumar la numerología como tercer sistema de compatibilidad, junto a la astrología y el test.
A4: Usa los mismos 4 ejes (Química, Afecto, Comunicación, Compromiso) y los mismos pesos por vínculo que tu motor 1.0,
A5: así entra en Círculo y en el número global sin cambiar las pantallas.
A7: Qué se calcula (solo con la fecha de nacimiento, sin pedir el nombre completo):
A8: • Camino de vida: día, mes y año reducidos cada uno a un dígito, sumados y reducidos (se conservan 11, 22 y 33).
A9: • Número del día: el día de nacimiento reducido (se conservan 11 y 22).
A10: • Para comparar, los maestros se leen como su base: 11 → 2, 22 → 4, 33 → 6.
A12: Cómo se compara a dos personas:
A13: 1. Matriz base: compatibilidad de dos números (hoja Matriz).
A14: 2. Cada eje ajusta la base según cuánto aportan los dos números a ese eje (hoja Números, afinidad por eje):
A15: eje = base + Ajuste × (promedio de afinidades − 50) / 50, entre 0 y 100.
... A31: combinaciones en tensión como 4-5 y 1-8). Son un punto de partida: el modelo final lo definís vos.

Sheet Números
A1: Número | B1: Significado | C1: Afinidad Química | D1: Afinidad Afecto | E1: Afinidad Comunicación | F1: Afinidad Compromiso
A2: 1 | B2: Iniciativa, independencia, liderazgo | C2: 70 | D2: 40 | E2: 60 | F2: 50
A3: 2 | B3: Cooperación, sensibilidad, vínculo | C3: 50 | D3: 90 | E3: 60 | F3: 80
A4: 3 | B4: Expresión, creatividad, alegría | C4: 70 | D4: 60 | E4: 90 | F4: 40
A5: 4 | B5: Estructura, constancia, trabajo | C5: 40 | D5: 60 | E5: 50 | F5: 90
A6: 5 | B6: Libertad, cambio, aventura | C6: 90 | D6: 40 | E6: 80 | F6: 30
A7: 6 | B7: Cuidado, familia, responsabilidad | C7: 50 | D7: 90 | E7: 60 | F7: 90
A8: 7 | B8: Introspección, análisis, búsqueda | C8: 40 | D8: 50 | E8: 70 | F8: 60
A9: 8 | B9: Ambición, logro, poder | C9: 80 | D9: 50 | E9: 50 | F9: 80
A10: 9 | B10: Compasión, idealismo, entrega | C10: 60 | D10: 80 | E10: 70 | F10: 60
A12: Maestros
A13: 11 | B13: Intuición, inspiración (se lee como 2)
A14: 22 | B14: Constructor (se lee como 4)
A15: 33 | B15: Maestro, servicio (se lee como 6)

Sheet Matriz
A1: Compatibilidad base (0-100). Mantenerla simétrica: (a,b) = (b,a).
B2: 1 | C2: 2 | D2: 3 | E2: 4 | F2: 5 | G2: 6 | H2: 7 | I2: 8 | J2: 9
A3: 1 | B3: 65 | C3: 60 | D3: 85 | E3: 50 | F3: 80 | G3: 55 | H3: 75 | I3: 50 | J3: 80
A4: 2 | B4: 60 | C4: 70 | D4: 60 | E4: 85 | F4: 40 | G4: 90 | H4: 55 | I4: 85 | J4: 65
A5: 3 | B5: 85 | C5: 60 | D5: 70 | E5: 45 | F5: 85 | G5: 85 | H5: 55 | I5: 50 | J5: 90
A6: 4 | B6: 50 | C6: 85 | D6: 45 | E6: 75 | F6: 35 | G6: 80 | H6: 70 | I6: 90 | J6: 50
A7: 5 | B7: 80 | C7: 40 | D7: 85 | E7: 35 | F7: 65 | G7: 45 | H7: 80 | I7: 55 | J7: 70
A8: 6 | B8: 55 | C8: 90 | D8: 85 | E8: 80 | F8: 45 | G8: 75 | H8: 45 | I8: 70 | J8: 90
A9: 7 | B9: 75 | C9: 55 | D9: 55 | E9: 70 | F9: 80 | G9: 45 | H9: 70 | I9: 50 | J9: 65
A10: 8 | B10: 50 | C10: 85 | D10: 50 | E10: 90 | F10: 55 | G10: 70 | H10: 50 | I10: 65 | J10: 55
A11: 9 | B11: 80 | C11: 65 | D11: 90 | E11: 50 | F11: 70 | G11: 90 | H11: 65 | I11: 55 | J11: 75

Sheet Parámetros
A1: Peso Camino de vida | B1: 0.7
A2: Peso Número del día | B2: 0.3
A3: Ajuste por eje (puntos máximos) | B3: 10
A4: Peso del nombre, si se carga (hoja Con nombre) | B4: 0.5
A5: Vínculo | B5: Química | C5: Afecto | D5: Comunicación | E5: Compromiso
A6: Pareja | B6: 0.25 | C6: 0.25 | D6: 0.25 | E6: 0.25
A7: Amistad | B7: 0.1 | C7: 0.35 | D7: 0.4 | E7: 0.15
A8: Trabajo | B8: 0.1 | C8: 0.1 | D8: 0.4 | E8: 0.4
A9: Casual | B9: 0.7 | C9: 0.1 | D9: 0.15 | E9: 0.05
A11: Los pesos por vínculo son los de tu motor Destiny 1.0 (cada fila suma 100 %).

Sheet Calculadora
A1: Poné dos fechas de nacimiento (celdas amarillas) y mirá la compatibilidad numerológica.
B3: Persona A | C3: Persona B
A4: Fecha de nacimiento | B4: 33013 | C4: 32454
A5: Día | B5: =DAY(B4) | C5: =DAY(C4) | J5: =(INT(B5/1000)+MOD(INT(B5/100),10)+MOD(INT(B5/10),10)+MOD(B5,10)) | K5: =(INT(J5/1000)+MOD(INT(J5/100),10)+MOD(INT(J5/10),10)+MOD(J5,10)) | L5: =IF(B5<10,B5,IF(OR(B5=11,B5=22),B5,IF(J5<10,J5,IF(OR(J5=11,J5=22),J5,IF(K5<10,K5,IF(OR(K5=11,K5=22),K5,(INT(K5/1000)+MOD(INT(K5/100),10)+MOD(INT(K5/10),10)+MOD(K5,10)))))))) | P5: =(INT(C5/1000)+MOD(INT(C5/100),10)+MOD(INT(C5/10),10)+MOD(C5,10)) | Q5: =(INT(P5/1000)+MOD(INT(P5/100),10)+MOD(INT(P5/10),10)+MOD(P5,10)) | R5: =IF(C5<10,C5,IF(OR(C5=11,C5=22),C5,IF(P5<10,P5,IF(OR(P5=11,P5=22),P5,IF(Q5<10,Q5,IF(OR(Q5=11,Q5=22),Q5,(INT(Q5/1000)+MOD(INT(Q5/100),10)+MOD(INT(Q5/10),10)+MOD(Q5,10))))))))
A6: Mes | B6: =MONTH(B4) | C6: =MONTH(C4) | J6: =(INT(B6/1000)+MOD(INT(B6/100),10)+MOD(INT(B6/10),10)+MOD(B6,10)) | K6: =(INT(J6/1000)+MOD(INT(J6/100),10)+MOD(INT(J6/10),10)+MOD(J6,10)) | L6: =IF(B6<10,B6,IF(OR(B6=11),B6,IF(J6<10,J6,IF(OR(J6=11),J6,IF(K6<10,K6,IF(OR(K6=11),K6,(INT(K6/1000)+MOD(INT(K6/100),10)+MOD(INT(K6/10),10)+MOD(K6,10)))))))) | P6: =(INT(C6/1000)+MOD(INT(C6/100),10)+MOD(INT(C6/10),10)+MOD(C6,10)) | Q6: =(INT(P6/1000)+MOD(INT(P6/100),10)+MOD(INT(P6/10),10)+MOD(P6,10)) | R6: =IF(C6<10,C6,IF(OR(C6=11),C6,IF(P6<10,P6,IF(OR(P6=11),P6,IF(Q6<10,Q6,IF(OR(Q6=11),Q6,(INT(Q6/1000)+MOD(INT(Q6/100),10)+MOD(INT(Q6/10),10)+MOD(Q6,10))))))))
A7: Año | B7: =YEAR(B4) | C7: =YEAR(C4) | J7: =(INT(B7/1000)+MOD(INT(B7/100),10)+MOD(INT(B7/10),10)+MOD(B7,10)) | K7: =(INT(J7/1000)+MOD(INT(J7/100),10)+MOD(INT(J7/10),10)+MOD(J7,10)) | L7: =IF(B7<10,B7,IF(FALSE,B7,IF(J7<10,J7,IF(FALSE,J7,IF(K7<10,K7,IF(FALSE,K7,(INT(K7/1000)+MOD(INT(K7/100),10)+MOD(INT(K7/10),10)+MOD(K7,10)))))))) | P7: =(INT(C7/1000)+MOD(INT(C7/100),10)+MOD(INT(C7/10),10)+MOD(C7,10)) | Q7: =(INT(P7/1000)+MOD(INT(P7/100),10)+MOD(INT(P7/10),10)+MOD(P7,10)) | R7: =IF(C7<10,C7,IF(FALSE,C7,IF(P7<10,P7,IF(FALSE,P7,IF(Q7<10,Q7,IF(FALSE,Q7,(INT(Q7/1000)+MOD(INT(Q7/100),10)+MOD(INT(Q7/10),10)+MOD(Q7,10))))))))
A8: Día reducido | B8: =L5 | C8: =R5
A9: Mes reducido | B9: =L6 | C9: =R6
A10: Año reducido | B10: =L7 | C10: =R7
A11: Camino de vida | B11: =L21 | C11: =R21
A12: Número del día | B12: =L22 | C12: =R22
A13: Camino (base) | B13: =IF(B11=11,2,IF(B11=22,4,IF(B11=33,6,B11))) | C13: =IF(C11=11,2,IF(C11=22,4,IF(C11=33,6,C11)))
A14: Día (base) | B14: =IF(B12=11,2,IF(B12=22,4,IF(B12=33,6,B12))) | C14: =IF(C12=11,2,IF(C12=22,4,IF(C12=33,6,C12)))
A16: Eje | B16: Camino de vida | C16: Número del día | D16: Eje combinado
A17: Química | B17: =MAX(0,MIN(100,INDEX(Matriz!$B$3:$J$11,$B$13,$C$13)+Parámetros!$B$3*((INDEX(Números!$C$2:$C$10,$B$13)+INDEX(Números!$C$2:$C$10,$C$13))/2-50)/50)) | C17: =MAX(0,MIN(100,INDEX(Matriz!$B$3:$J$11,$B$14,$C$14)+Parámetros!$B$3*((INDEX(Números!$C$2:$C$10,$B$14)+INDEX(Números!$C$2:$C$10,$C$14))/2-50)/50)) | D17: =Parámetros!$B$1*B17+Parámetros!$B$2*C17
A18: Afecto | B18: =MAX(0,MIN(100,INDEX(Matriz!$B$3:$J$11,$B$13,$C$13)+Parámetros!$B$3*((INDEX(Números!$D$2:$D$10,$B$13)+INDEX(Números!$D$2:$D$10,$C$13))/2-50)/50)) | C18: =MAX(0,MIN(100,INDEX(Matriz!$B$3:$J$11,$B$14,$C$14)+Parámetros!$B$3*((INDEX(Números!$D$2:$D$10,$B$14)+INDEX(Números!$D$2:$D$10,$C$14))/2-50)/50)) | D18: =Parámetros!$B$1*B18+Parámetros!$B$2*C18
A19: Comunicación | B19: =MAX(0,MIN(100,INDEX(Matriz!$B$3:$J$11,$B$13,$C$13)+Parámetros!$B$3*((INDEX(Números!$E$2:$E$10,$B$13)+INDEX(Números!$E$2:$E$10,$C$13))/2-50)/50)) | C19: =MAX(0,MIN(100,INDEX(Matriz!$B$3:$J$11,$B$14,$C$14)+Parámetros!$B$3*((INDEX(Números!$E$2:$E$10,$B$14)+INDEX(Números!$E$2:$E$10,$C$14))/2-50)/50)) | D19: =Parámetros!$B$1*B19+Parámetros!$B$2*C19
A20: Compromiso | B20: =MAX(0,MIN(100,INDEX(Matriz!$B$3:$J$11,$B$13,$C$13)+Parámetros!$B$3*((INDEX(Números!$F$2:$F$10,$B$13)+INDEX(Números!$F$2:$F$10,$C$13))/2-50)/50)) | C20: =MAX(0,MIN(100,INDEX(Matriz!$B$3:$J$11,$B$14,$C$14)+Parámetros!$B$3*((INDEX(Números!$F$2:$F$10,$B$14)+INDEX(Números!$F$2:$F$10,$C$14))/2-50)/50)) | D20: =Parámetros!$B$1*B20+Parámetros!$B$2*C20 | J20: =B8+B9+B10 | P20: =C8+C9+C10
J21: =(INT(J20/1000)+MOD(INT(J20/100),10)+MOD(INT(J20/10),10)+MOD(J20,10)) | K21: =(INT(J21/1000)+MOD(INT(J21/100),10)+MOD(INT(J21/10),10)+MOD(J21,10)) | L21: =IF(J20<10,J20,IF(OR(J20=11,J20=22,J20=33),J20,IF(J21<10,J21,IF(OR(J21=11,J21=22,J21=33),J21,IF(K21<10,K21,IF(OR(K21=11,K21=22,K21=33),K21,(INT(K21/1000)+MOD(INT(K21/100),10)+MOD(INT(K21/10),10)+MOD(K21,10)))))))) | P21: =(INT(P20/1000)+MOD(INT(P20/100),10)+MOD(INT(P20/10),10)+MOD(P20,10)) | Q21: =(INT(P21/1000)+MOD(INT(P21/100),10)+MOD(INT(P21/10),10)+MOD(P21,10)) | R21: =IF(P20<10,P20,IF(OR(P20=11,P20=22,P20=33),P20,IF(P21<10,P21,IF(OR(P21=11,P21=22,P21=33),P21,IF(Q21<10,Q21,IF(OR(Q21=11,Q21=22,Q21=33),Q21,(INT(Q21/1000)+MOD(INT(Q21/100),10)+MOD(INT(Q21/10),10)+MOD(Q21,10))))))))
J22: =(INT(B5/1000)+MOD(INT(B5/100),10)+MOD(INT(B5/10),10)+MOD(B5,10)) | K22: =(INT(J22/1000)+MOD(INT(J22/100),10)+MOD(INT(J22/10),10)+MOD(J22,10)) | L22: =IF(B5<10,B5,IF(OR(B5=11,B5=22),B5,IF(J22<10,J22,IF(OR(J22=11,J22=22),J22,IF(K22<10,K22,IF(OR(K22=11,K22=22),K22,(INT(K22/1000)+MOD(INT(K22/100),10)+MOD(INT(K22/10),10)+MOD(K22,10)))))))) | P22: =(INT(C5/1000)+MOD(INT(C5/100),10)+MOD(INT(C5/10),10)+MOD(C5,10)) | Q22: =(INT(P22/1000)+MOD(INT(P22/100),10)+MOD(INT(P22/10),10)+MOD(P22,10)) | R22: =IF(C5<10,C5,IF(OR(C5=11,C5=22),C5,IF(P22<10,P22,IF(OR(P22=11,P22=22),P22,IF(Q22<10,Q22,IF(OR(Q22=11,Q22=22),Q22,(INT(Q22/1000)+MOD(INT(Q22/100),10)+MOD(INT(Q22/10),10)+MOD(Q22,10))))))))
A23: Vínculo | B23: Compatibilidad
A24: Pareja | B24: =D17*Parámetros!B6+D18*Parámetros!C6+D19*Parámetros!D6+D20*Parámetros!E6
A25: Amistad | B25: =D17*Parámetros!B7+D18*Parámetros!C7+D19*Parámetros!D7+D20*Parámetros!E7
A26: Trabajo | B26: =D17*Parámetros!B8+D18*Parámetros!C8+D19*Parámetros!D8+D20*Parámetros!E8
A27: Casual | B27: =D17*Parámetros!B9+D18*Parámetros!C9+D19*Parámetros!D9+D20*Parámetros!E9
A29: Global numerológico (promedio de los 4 vínculos) | B29: =AVERAGE(B24:B27)

Sheet Con nombre
A1: Opcional: con el nombre completo de nacimiento (el del acta). Poné los nombres en las celdas amarillas.
A2: Las fechas son las de la hoja Calculadora. Tildes y ñ se leen como la letra sin tilde y N; la Y cuenta como consonante.
B3: Persona A | C3: Persona B
A4: Nombre completo de nacimiento | B4: María Laura Gómez | C4: Juan Pablo Ruiz
A5: Expresión | B5: =L35 | C5: =R35
A6: Alma | B6: =L36 | C6: =R36
A7: Personalidad | B7: =L37 | C7: =R37
A8: Expresión (base) | B8: =IF(B5=11,2,IF(B5=22,4,IF(B5=33,6,B5))) | C8: =IF(C5=11,2,IF(C5=22,4,IF(C5=33,6,C5)))
A9: Alma (base) | B9: =IF(B6=11,2,IF(B6=22,4,IF(B6=33,6,B6))) | C9: =IF(C6=11,2,IF(C6=22,4,IF(C6=33,6,C6)))
A10: Personalidad (base) | B10: =IF(B7=11,2,IF(B7=22,4,IF(B7=33,6,B7))) | C10: =IF(C7=11,2,IF(C7=22,4,IF(C7=33,6,C7)))
A12: Eje | B12: Con la fecha | C12: Con el nombre | D12: Combinado
A13: Química (Personalidad) | B13: =Calculadora!D17 | C13: =MAX(0,MIN(100,INDEX(Matriz!$B$3:$J$11,$B$10,$C$10)+Parámetros!$B$3*((INDEX(Números!$C$2:$C$10,$B$10)+INDEX(Números!$C$2:$C$10,$C$10))/2-50)/50)) | D13: =(1-Parámetros!$B$4)*B13+Parámetros!$B$4*C13
A14: Afecto (Alma) | B14: =Calculadora!D18 | C14: =MAX(0,MIN(100,INDEX(Matriz!$B$3:$J$11,$B$9,$C$9)+Parámetros!$B$3*((INDEX(Números!$D$2:$D$10,$B$9)+INDEX(Números!$D$2:$D$10,$C$9))/2-50)/50)) | D14: =(1-Parámetros!$B$4)*B14+Parámetros!$B$4*C14
A15: Comunicación (Expresión) | B15: =Calculadora!D19 | C15: =MAX(0,MIN(100,INDEX(Matriz!$B$3:$J$11,$B$8,$C$8)+Parámetros!$B$3*((INDEX(Números!$E$2:$E$10,$B$8)+INDEX(Números!$E$2:$E$10,$C$8))/2-50)/50)) | D15: =(1-Parámetros!$B$4)*B15+Parámetros!$B$4*C15
A16: Compromiso (Expresión) | B16: =Calculadora!D20 | C16: =MAX(0,MIN(100,INDEX(Matriz!$B$3:$J$11,$B$8,$C$8)+Parámetros!$B$3*((INDEX(Números!$F$2:$F$10,$B$8)+INDEX(Números!$F$2:$F$10,$C$8))/2-50)/50)) | D16: =(1-Parámetros!$B$4)*B16+Parámetros!$B$4*C16
A18: Vínculo | B18: Solo fecha | C18: Con nombre
A19: Pareja | B19: =Calculadora!B24 | C19: =D13*Parámetros!B6+D14*Parámetros!C6+D15*Parámetros!D6+D16*Parámetros!E6
A20: Amistad | B20: =Calculadora!B25 | C20: =D13*Parámetros!B7+D14*Parámetros!C7+D15*Parámetros!D7+D16*Parámetros!E7
A21: Trabajo | B21: =Calculadora!B26 | C21: =D13*Parámetros!B8+D14*Parámetros!C8+D15*Parámetros!D8+D16*Parámetros!E8
A22: Casual | B22: =Calculadora!B27 | C22: =D13*Parámetros!B9+D14*Parámetros!C9+D15*Parámetros!D9+D16*Parámetros!E9
A24: Global (promedio de los 4 vínculos) | B24: =Calculadora!B29 | C24: =AVERAGE(C19:C22)
J30: =SUBSTITUTE(SUBSTITUTE(SUBSTITUTE(SUBSTITUTE(SUBSTITUTE(SUBSTITUTE(SUBSTITUTE(UPPER(B4),"Á","A"),"É","E"),"Í","I"),"Ó","O"),"Ú","U"),"Ü","U"),"Ñ","N") | P30: =SUBSTITUTE(SUBSTITUTE(SUBSTITUTE(SUBSTITUTE(SUBSTITUTE(SUBSTITUTE(SUBSTITUTE(UPPER(C4),"Á","A"),"É","E"),"Í","I"),"Ó","O"),"Ú","U"),"Ü","U"),"Ñ","N")
J31: =IF(LEN(J30)=0,0,SUMPRODUCT((CODE(MID(J30,ROW(INDIRECT("1:"&LEN(J30))),1))>=65)*(CODE(MID(J30,ROW(INDIRECT("1:"&LEN(J30))),1))<=90)*(MOD(CODE(MID(J30,ROW(INDIRECT("1:"&LEN(J30))),1))-65,9)+1))) | P31: =IF(LEN(P30)=0,0,SUMPRODUCT((CODE(MID(P30,ROW(INDIRECT("1:"&LEN(P30))),1))>=65)*(CODE(MID(P30,ROW(INDIRECT("1:"&LEN(P30))),1))<=90)*(MOD(CODE(MID(P30,ROW(INDIRECT("1:"&LEN(P30))),1))-65,9)+1)))
J32: =IF(LEN(J30)=0,0,SUMPRODUCT((CODE(MID(J30,ROW(INDIRECT("1:"&LEN(J30))),1))>=65)*(CODE(MID(J30,ROW(INDIRECT("1:"&LEN(J30))),1))<=90)*(MOD(CODE(MID(J30,ROW(INDIRECT("1:"&LEN(J30))),1))-65,9)+1)*ISNUMBER(SEARCH(MID(J30,ROW(INDIRECT("1:"&LEN(J30))),1),"AEIOU")))) | P32: =IF(LEN(P30)=0,0,SUMPRODUCT((CODE(MID(P30,ROW(INDIRECT("1:"&LEN(P30))),1))>=65)*(CODE(MID(P30,ROW(INDIRECT("1:"&LEN(P30))),1))<=90)*(MOD(CODE(MID(P30,ROW(INDIRECT("1:"&LEN(P30))),1))-65,9)+1)*ISNUMBER(SEARCH(MID(P30,ROW(INDIRECT("1:"&LEN(P30))),1),"AEIOU"))))
J33: =J31-J32 | P33: =P31-P32
J35: =(INT(J31/1000)+MOD(INT(J31/100),10)+MOD(INT(J31/10),10)+MOD(J31,10)) | K35: =(INT(J35/1000)+MOD(INT(J35/100),10)+MOD(INT(J35/10),10)+MOD(J35,10)) | L35: =IF(J31<10,J31,IF(OR(J31=11,J31=22,J31=33),J31,IF(J35<10,J35,IF(OR(J35=11,J35=22,J35=33),J35,IF(K35<10,K35,IF(OR(K35=11,K35=22,K35=33),K35,(INT(K35/1000)+MOD(INT(K35/100),10)+MOD(INT(K35/10),10)+MOD(K35,10)))))))) | P35: =(INT(P31/1000)+MOD(INT(P31/100),10)+MOD(INT(P31/10),10)+MOD(P31,10)) | Q35: =(INT(P35/1000)+MOD(INT(P35/100),10)+MOD(INT(P35/10),10)+MOD(P35,10)) | R35: =IF(P31<10,P31,IF(OR(P31=11,P31=22,P31=33),P31,IF(P35<10,P35,IF(OR(P35=11,P35=22,P35=33),P35,IF(Q35<10,Q35,IF(OR(Q35=11,Q35=22,Q35=33),Q35,(INT(Q35/1000)+MOD(INT(Q35/100),10)+MOD(INT(Q35/10),10)+MOD(Q35,10))))))))
J36: =(INT(J32/1000)+MOD(INT(J32/100),10)+MOD(INT(J32/10),10)+MOD(J32,10)) | K36: =(INT(J36/1000)+MOD(INT(J36/100),10)+MOD(INT(J36/10),10)+MOD(J36,10)) | L36: =IF(J32<10,J32,IF(OR(J32=11,J32=22,J32=33),J32,IF(J36<10,J36,IF(OR(J36=11,J36=22,J36=33),J36,IF(K36<10,K36,IF(OR(K36=11,K36=22,K36=33),K36,(INT(K36/1000)+MOD(INT(K36/100),10)+MOD(INT(K36/10),10)+MOD(K36,10)))))))) | P36: =(INT(P32/1000)+MOD(INT(P32/100),10)+MOD(INT(P32/10),10)+MOD(P32,10)) | Q36: =(INT(P36/1000)+MOD(INT(P36/100),10)+MOD(INT(P36/10),10)+MOD(P36,10)) | R36: =IF(P32<10,P32,IF(OR(P32=11,P32=22,P32=33),P32,IF(P36<10,P36,IF(OR(P36=11,P36=22,P36=33),P36,IF(Q36<10,Q36,IF(OR(Q36=11,Q36=22,Q36=33),Q36,(INT(Q36/1000)+MOD(INT(Q36/100),10)+MOD(INT(Q36/10),10)+MOD(Q36,10))))))))
J37: =(INT(J33/1000)+MOD(INT(J33/100),10)+MOD(INT(J33/10),10)+MOD(J33,10)) | K37: =(INT(J37/1000)+MOD(INT(J37/100),10)+MOD(INT(J37/10),10)+MOD(J37,10)) | L37: =IF(J33<10,J33,IF(OR(J33=11,J33=22,J33=33),J33,IF(J37<10,J37,IF(OR(J37=11,J37=22,J37=33),J37,IF(K37<10,K37,IF(OR(K37=11,K37=22,K37=33),K37,(INT(K37/1000)+MOD(INT(K37/100),10)+MOD(INT(K37/10),10)+MOD(K37,10)))))))) | P37: =(INT(P33/1000)+MOD(INT(P33/100),10)+MOD(INT(P33/10),10)+MOD(P33,10)) | Q37: =(INT(P37/1000)+MOD(INT(P37/100),10)+MOD(INT(P37/10),10)+MOD(P37,10)) | R37: =IF(P33<10,P33,IF(OR(P33=11,P33=22,P33=33),P33,IF(P37<10,P37,IF(OR(P37=11,P37=22,P37=33),P37,IF(Q37<10,Q37,IF(OR(Q37=11,Q37=22,Q37=33),Q37,(INT(Q37/1000)+MOD(INT(Q37/100),10)+MOD(INT(Q37/10),10)+MOD(Q37,10))))))))
